game_episode,end_x,end_y
153363_1,62.150745,12.344083
153363_2,23.637897,48.962193
153363_6,31.600094,63.45226
153363_7,59.146137,6.2182045
153363_8,80.184746,8.148601
153363_9,72.764435,67.20277
153363_10,68.94175,8.382158
153363_12,69.95754,5.291442
153363_13,33.922707,65.13603
153363_15,71.12281,10.38482
153363_16,49.8388,8.2378435
153363_17,70.50522,62.49165
153363_18,96.21458,28.100168
153363_19,32.92567,10.1634
153363_20,82.26444,14.309494
153363_21,66.40322,9.817691
153363_22,71.193375,52.270214
153363_23,57.240303,8.342253
153363_24,65.41243,44.42895
153363_26,57.36709,45.897697
153363_27,48.15206,60.64934
153363_28,70.20115,2.2335234
153363_29,89.704544,42.78864
153363_30,98.83905,40.394787
153363_31,85.57512,34.53275
153363_32,50.3099,14.717137
153363_33,86.14311,56.214195
153363_34,80.35887,54.99743
153363_35,42.271805,31.756784
153363_36,91.46541,29.465221
153363_37,83.60315,5.7838354
153363_38,78.40796,2.7869048
153363_41,59.679543,53.13401
153363_43,77.71412,7.291426
153363_44,86.63429,7.2445745
153363_47,63.199974,3.4729009
153363_48,40.066444,61.362743
153363_49,69.92255,8.965871
153363_50,63.846825,63.704765
153363_51,86.80653,13.784177
153363_52,78.47361,13.309407
153363_53,59.861176,62.498028
153363_54,69.631355,62.770805
153363_56,77.00691,17.80821
153363_57,44.70905,56.360462
153363_58,71.20105,62.35609
153363_59,82.92525,12.411646
153363_60,52.165436,50.966137
153363_61,47.902702,60.53891
153363_62,83.64084,45.415176
153363_64,85.07487,6.5936995
153363_65,93.25891,17.543217
153363_66,24.223133,65.05927
153363_67,86.06639,52.423138
153363_68,76.20234,35.650352
153363_69,36.511646,60.613678
153363_70,87.79584,12.381888
153363_71,84.205,51.240643
153363_72,44.196495,63.690308
153363_73,18.351135,4.673212
153363_74,75.5728,12.732515
153363_75,85.322876,47.515743
153363_76,58.072594,61.125404
153363_77,38.947647,6.6465187
153363_79,68.29154,10.775877
153363_80,40.954845,35.195488
153363_81,60.790215,58.947113
153363_82,90.16033,18.495926
153363_83,28.087854,13.337672
153363_84,56.35502,10.204149
153363_85,88.8901,10.015741
153363_86,77.787346,10.185547
153364_1,54.576244,45.996662
153364_2,43.719063,58.1969
153364_3,37.7107,33.280067
153364_4,51.95349,55.63088
153364_5,36.68571,10.286451
153364_6,59.039936,4.8612876
153364_7,66.93853,3.4660676
153364_8,83.04167,28.041851
153364_9,85.97629,41.375145
153364_10,65.47913,7.8303695
153364_11,81.56742,4.4374666
153364_12,70.65357,9.342689
153364_14,85.108536,45.72534
153364_15,54.574413,12.199848
153364_16,39.494507,43.553158
153364_17,81.22365,20.082485
153364_18,83.77556,3.0713615
153364_19,83.788,44.796898
153364_20,49.162846,44.87545
153364_21,74.6992,66.39291
153364_22,93.684494,9.522616
153364_23,70.32261,7.5278807
153364_24,76.544876,50.434677
153364_25,76.52694,10.922491
153364_26,57.81858,7.5358605
153364_27,42.291634,61.29903
153364_28,86.21438,61.069008
153364_29,36.09855,4.684478
153364_30,43.689793,54.51438
153364_31,85.919136,26.183811
153364_32,65.19257,61.38918
153364_33,36.992985,3.2890098
153364_34,65.70154,5.5812116
153364_36,76.76073,56.443714
153364_37,46.456245,6.3261447
153364_38,86.74958,32.087147
153364_39,68.345604,61.303356
153364_40,65.55385,34.782204
153364_41,57.863335,51.059
153364_42,78.71587,2.6614432
153364_43,55.043224,58.362408
153364_44,79.14905,35.913635
153364_45,67.42694,55.091087
153364_46,87.979256,4.7245636
153364_47,75.728096,9.844702
153364_48,99.34618,34.71963
153364_49,71.13419,24.459965
153364_50,48.54899,6.936461
153364_52,26.559454,3.881583
153364_53,56.715942,4.7241516
153364_54,67.78189,65.743195
153364_55,77.54884,61.593727
153364_56,83.138245,62.807148
153364_57,78.582214,16.245554
153364_58,69.507774,8.937354
153364_59,77.574585,15.564717
153364_61,87.43241,26.902832
153364_62,71.74637,64.33123
153364_63,83.48002,48.532574
153364_65,82.63917,49.757156
153364_66,89.23127,61.793285
153364_67,56.55474,40.311523
153364_68,57.621113,6.7482796
153364_69,77.57904,52.399284
153364_70,23.328209,2.113112
153364_71,85.93776,59.82263
153364_73,56.386955,51.106377
153364_74,94.312004,26.673288
153364_75,76.92768,64.252655
153364_76,83.9449,38.782845
153364_78,82.08421,8.504653
153364_79,52.40495,65.54561
153364_80,64.21303,8.188598
153364_81,81.265305,57.197563
153364_82,88.05257,40.43121
153364_84,66.91538,62.88087
153364_85,77.114944,13.738126
153364_86,64.45651,49.642567
153365_1,35.65787,65.28102
153365_2,80.65131,49.953373
153365_3,21.683262,61.394737
153365_4,64.52879,2.742316
153365_5,42.912533,55.263287
153365_6,74.46557,60.543865
153365_7,64.88025,60.088997
153365_8,71.33117,33.29183
153365_9,54.240654,14.988962
153365_10,32.76054,63.698692
153365_11,44.56657,9.07979
153365_12,21.823195,66.243286
153365_13,43.620422,64.89004
153365_14,63.814598,64.262
153365_15,45.951454,19.9427
153365_16,26.141027,3.703792
153365_17,82.91062,22.982883
153365_20,87.42439,13.342781
153365_21,79.91423,18.176022
153365_23,74.803696,10.814816
153365_24,87.23869,57.989735
153365_25,93.8927,54.771515
153365_26,13.712721,3.7052054
153365_28,85.21096,36.3925
153365_29,74.62534,40.941837
153365_30,74.95039,47.952354
153365_31,91.95061,34.51344
153365_32,62.157013,50.18284
153365_33,41.999847,4.2732778
153365_34,49.427055,64.517136
153365_35,78.282974,7.4787188
153365_36,39.976906,59.55073
153365_37,82.38124,6.056223
153365_38,95.12924,14.05089
153365_39,42.74709,63.852894
153365_40,94.19544,39.278713
153365_41,49.112186,9.678347
153365_42,60.13732,64.70117
153365_43,73.91731,45.833603
153365_44,64.58999,14.608086
153365_45,80.60342,13.081963
153365_46,89.92893,47.945118
153365_47,86.88629,30.222095
153365_48,87.203255,49.25282
153365_49,34.283684,58.010933
153365_50,69.229904,57.924427
153365_51,92.30815,46.232983
153365_53,22.175821,54.143696
153365_54,35.084282,65.62399
153365_55,35.43144,7.652199
153365_56,88.769066,7.1209464
153365_57,94.44426,24.93253
153365_58,65.92079,13.740311
153365_59,91.34632,2.1179404
153365_60,87.05391,2.0734165
153365_61,16.246967,60.74903
153365_62,92.32183,61.43806
153365_64,59.367542,61.038635
153365_65,43.297092,1.3633709
153365_66,71.668076,15.116984
153365_68,88.01215,29.306528
153365_69,24.047724,64.586555
153365_70,71.554794,63.53672
153365_71,13.536893,59.63017
153365_72,90.38953,41.29373
153365_73,94.98604,36.843353
153365_74,73.0733,23.67973
153365_75,34.98196,22.461205
153365_76,53.747536,46.6284
153365_77,90.05533,17.59927
153365_79,81.9277,3.9023964
153365_80,85.923386,29.521442
153365_82,71.07564,3.9865677
153365_83,22.960855,47.99345
153365_84,84.69086,14.137823
153365_85,66.85191,17.551144
153365_86,82.16012,54.760475
153365_89,68.563644,10.779335
153365_90,90.821175,50.483643
153365_91,74.902504,4.169034
153365_92,85.447914,5.201498
153365_93,88.96071,16.619299
153366_1,90.80641,50.91941
153366_3,92.74209,30.271225
153366_4,46.604195,63.2073
153366_5,36.199688,4.114249
153366_6,83.393196,61.13671
153366_7,35.5156,56.476612
153366_8,54.7659,5.1667967
153366_9,41.663033,11.020319
153366_10,72.84299,16.34396
153366_11,80.54099,15.901158
153366_12,70.40672,60.28125
153366_13,49.988976,13.614502
153366_14,88.44307,61.504833
153366_15,90.32045,27.470959
153366_16,49.000946,59.088818
153366_17,19.798054,65.99211
153366_18,72.72081,3.7574878
153366_19,72.69405,10.941121
153366_20,80.389984,55.51711
153366_21,34.04696,55.168434
153366_22,55.719433,63.78808
153366_23,40.092102,16.802408
153366_24,66.17853,59.95503
153366_25,74.996155,64.5202
153366_27,92.34005,10.644715
153366_28,71.9271,61.484882
153366_29,37.933506,40.15974
153366_30,80.339485,6.041888
153366_31,31.486816,51.115536
153366_32,88.36554,5.052597
153366_33,97.81737,34.664425
153366_35,82.688995,60.536827
153366_36,86.04618,52.51499
153366_37,61.675285,4.237941
153366_38,40.307533,5.3928323
153366_39,35.518528,51.39451
153366_40,81.576294,9.011465
153366_41,36.68844,66.407455
153366_42,84.76689,31.972275
153366_43,92.97641,55.03301
153366_44,45.08047,47.031616
153366_46,90.31584,52.91218
153366_47,59.730957,61.305683
153366_48,87.03142,49.85369
153366_49,93.88673,63.380756
153366_50,50.15238,17.56063
153366_51,87.294525,62.326733
153366_52,61.1927,65.81934
153366_53,65.200485,4.1808386
153366_54,92.63586,30.558975
153366_55,71.79406,9.572202
153366_56,93.80331,50.13725
153366_57,78.664536,61.16781
153366_58,75.31445,46.1911
153366_59,69.03093,46.504898
153366_60,90.47862,44.039013
153366_61,69.98763,60.888325
153366_62,84.11121,63.428535
153366_64,84.36119,59.9551
153366_65,69.89992,59.08391
153366_66,89.79273,2.8205447
153366_67,68.42454,53.92497
153366_68,72.472046,3.9512818
153366_69,87.18408,58.778137
153366_71,88.259995,60.894066
153366_72,88.76216,7.950067
153366_73,86.398476,52.111824
153366_74,33.48546,63.85795
153366_75,64.374306,5.020264
153366_76,58.432228,20.140896
153366_77,41.45047,59.332935
153366_78,77.319,30.990204
153366_79,94.00281,54.455017
153366_80,52.440163,60.6599
153366_81,65.0358,8.025937
153366_82,50.869267,17.40421
153366_83,42.966515,44.22502
153366_84,89.32067,52.814507
153366_85,62.81385,65.604706
153366_86,90.35689,6.9051766
153366_88,56.774147,63.441418
153366_89,40.374596,65.516
153366_90,63.060516,52.802605
153366_92,33.287098,41.54341
153366_93,81.21657,15.582743
153366_94,41.108315,61.56629
153366_95,76.580635,64.84427
153367_1,71.17218,10.308307
153367_2,54.5843,57.417023
153367_3,71.79842,5.2556205
153367_4,86.96102,4.0637426
153367_7,54.018898,62.86798
153367_8,51.699932,41.273224
153367_9,83.49376,60.362316
153367_10,39.151283,58.7901
153367_11,53.006126,65.44981
153367_12,78.7144,44.062523
153367_13,46.26322,49.91044
153367_14,90.94205,4.945962
153367_16,92.745834,49.68688
153367_17,63.114754,5.2778983
153367_18,61.372856,64.090576
153367_19,66.219345,51.866932
153367_21,36.81714,64.12667
153367_22,33.388924,65.46735
153367_24,39.314724,12.132132
153367_25,76.526215,5.844945
153367_26,80.08884,59.246147
153367_27,47.950153,26.92631
153367_28,37.216377,9.3629465
153367_30,28.84499,57.075066
153367_31,67.51949,1.5329852
153367_32,92.1331,52.150105
153367_33,57.289223,15.345911
153367_34,86.82668,14.399179
153367_35,56.386047,58.719013
153367_36,73.66789,11.714196
153367_37,92.10191,46.25779
153367_38,92.1473,11.169491
153367_39,95.008545,52.599792
153367_40,34.98,7.3639855
153367_41,57.813953,50.46324
153367_42,24.59749,65.86547
153367_43,65.98995,13.41403
153367_44,46.019264,8.100447
153367_45,52.23584,66.12341
153367_46,91.27052,53.33476
153367_47,58.880756,5.288294
153367_48,54.52001,2.3494754
153367_49,90.00051,34.276165
153367_50,62.963093,66.05912
153367_51,89.03507,43.792683
153367_52,41.06746,60.149162
153367_53,85.98551,41.509125
153367_54,90.56517,58.591316
153367_55,64.5078,16.853558
153367_56,80.151184,62.64466
153367_58,77.57859,15.422969
153367_59,23.55182,3.7072785
153367_60,38.564297,62.918476
153367_61,90.09395,9.124289
153367_62,46.99309,56.430084
153367_63,3.7257228,29.476587
153367_64,97.26926,36.584473
153367_65,85.62511,51.133884
153367_66,98.67055,48.186054
153367_67,29.138046,59.743153
153367_68,74.25176,57.729553
153367_69,79.99037,65.03148
153367_70,89.13465,63.354347
153367_71,67.79374,4.2191396
153367_72,88.17375,33.31231
153367_73,24.12929,63.34664
153367_74,77.59065,14.168164
153367_75,59.98944,60.451813
153367_76,32.108055,2.5829678
153367_77,94.19227,35.8133
153367_78,46.96825,16.345325
153367_79,37.20852,16.446049
153367_80,52.155785,33.35881
153367_81,85.637924,60.957146
153367_82,47.153076,6.5227304
153367_83,65.45231,62.20442
153367_84,61.750782,63.227863
153367_85,38.760124,64.31026
153367_87,87.37074,19.712206
153367_89,90.712456,5.700515
153367_90,84.31912,61.566692
153367_92,58.103157,62.395184
153367_93,89.59738,7.352166
153367_94,85.29168,46.151966
153367_95,89.2928,46.85702
153367_96,82.00819,53.697277
153367_97,19.425884,1.7594554
153367_98,66.62964,3.8668258
153367_99,92.90911,46.351532
153367_101,91.995415,40.560055
153367_102,47.288406,50.99899
153367_103,22.361988,6.5783796
153367_104,89.79292,60.12142
153367_106,84.96701,19.742323
153367_107,67.33861,52.66982
153367_108,40.439003,12.288179
153367_109,43.726948,21.161081
153367_110,70.60185,65.67882
153367_111,73.053085,49.8861
153368_1,78.59862,58.470203
153368_2,51.477814,58.271442
153368_3,84.5481,26.544333
153368_4,72.31845,46.209187
153368_5,78.8893,55.100353
153368_8,75.90139,58.317394
153368_9,82.1469,65.337715
153368_10,75.84294,56.858948
153368_11,83.7466,11.173368
153368_12,65.83092,6.2450457
153368_14,90.21108,49.471416
153368_15,76.761665,18.265217
153368_16,70.379326,4.795454
153368_17,33.9401,5.4022703
153368_18,34.042152,4.4959784
153368_19,79.79491,10.160707
153368_20,82.59379,54.022106
153368_21,86.24572,53.34449
153368_22,55.612103,32.514397
153368_25,82.78827,55.12628
153368_26,46.068733,2.930064
153368_27,44.46595,5.302949
153368_28,69.047874,63.28842
153368_29,92.69779,29.43845
153368_30,61.01897,3.2505937
153368_31,85.27061,5.821884
153368_32,76.13908,56.47002
153368_33,60.90423,64.01361
153368_34,91.35445,17.149443
153368_36,66.77096,60.454845
153368_37,33.319305,17.438848
153368_38,54.55761,60.81315
153368_39,85.63322,61.503418
153368_41,69.60979,39.399208
153368_42,92.5861,30.18493
153368_44,74.22093,60.303802
153368_45,92.05705,21.049953
153368_46,87.96501,58.72119
153368_47,66.198494,61.127434
153368_48,72.338455,61.56242
153368_49,90.32385,14.214424
153368_51,58.961884,13.034037
153368_52,68.08773,46.27108
153368_53,29.062918,64.473946
153368_54,86.27694,32.48519
153368_55,48.284527,8.5536585
153368_57,79.05929,21.667057
153368_58,72.10619,61.93502
153368_59,78.23151,9.57609
153368_60,81.11107,25.615503
153368_61,78.594986,6.16956
153368_62,9.208174,64.1475
153368_63,27.159374,65.812546
153368_64,82.217926,57.828808
153368_65,85.01439,38.67971
153368_66,32.986073,22.485477
153368_68,58.75766,3.1260133
153368_69,93.642746,49.88055
153368_70,93.669205,47.91579
153368_71,86.84217,54.42808
153368_73,89.45587,45.085365
153368_74,78.340546,5.542102
153368_75,38.474327,58.777855
153368_76,87.84741,46.29112
153368_77,86.49266,55.03011
153368_78,88.808136,3.8922875
153368_79,42.93629,66.11708
153368_80,86.90619,32.458897
153368_81,87.44056,27.404139
153368_82,86.48918,49.010162
153368_84,86.957695,47.887077
153368_85,69.72468,32.783916
153368_86,77.8078,10.882455
153369_1,88.89783,56.925392
153369_2,90.31455,45.36515
153369_3,90.60326,64.16143
153369_4,17.410822,3.9160275
153369_5,10.610336,66.256516
153369_7,84.509674,23.885778
153369_10,41.207905,65.67442
153369_11,91.697685,8.543045
153369_12,91.220215,41.935986
153369_13,95.1548,32.967785
153369_14,40.80636,65.65911
153369_15,87.98782,41.663906
153369_16,75.26285,63.54715
153369_17,81.59427,42.871227
153369_18,64.47328,3.8190842
153369_19,85.8231,15.961405
153369_20,67.55477,63.140675
153369_21,34.755463,55.22754
153369_22,58.966076,65.85211
153369_23,73.1738,62.410423
153369_24,66.546555,63.982716
153369_25,68.51853,14.300649
153369_26,79.85585,59.22035
153369_27,86.34292,25.960001
153369_28,78.76514,9.99137
153369_29,70.592735,57.267128
153369_30,80.90824,4.8468313
153369_31,82.06506,24.121586
153369_33,31.747686,56.223778
153369_34,81.15426,63.531483
153369_35,94.06293,28.453976
153369_37,81.538185,6.1539326
153369_38,87.923805,6.2955456
153369_39,76.15904,3.6487465
153369_41,94.98787,33.29606
153369_42,70.00646,21.496758
153369_43,54.83602,3.1932645
153369_44,86.014114,57.683483
153369_45,60.814842,7.522358
153369_46,89.3253,32.275864
153369_50,88.75444,10.600679
153369_51,46.103127,59.9499
153369_52,81.15174,59.33318
153369_54,81.780685,39.64642
153369_55,61.480286,10.94341
153369_56,78.51121,10.578596
153369_57,84.44436,6.123284
153369_58,39.67016,2.6339633
153369_60,92.64366,12.710215
153369_62,92.46709,61.53913
153369_63,46.544716,63.259743
153369_65,54.687004,5.7286267
153369_66,87.84414,9.326677
153369_67,98.596756,37.774696
153369_68,89.97379,48.386845
153369_69,79.30224,24.249945
153369_70,84.40116,13.65262
153369_71,63.82254,9.924069
153369_72,82.985,15.934334
153369_73,24.976637,64.61442
153369_76,16.946968,7.433313
153369_77,73.19655,4.2809267
153369_78,44.533447,13.489484
153369_80,70.91759,62.49767
153369_82,41.783146,2.4085622
153369_83,85.56745,48.25495
153369_84,88.463875,9.217333
153369_85,85.787865,56.062176
153369_86,96.96295,28.399338
153369_88,78.070114,47.506775
153370_1,67.72368,43.80931
153370_2,35.488182,3.9679112
153370_3,65.8002,12.492224
153370_4,59.219963,2.7073593
153370_5,89.67949,23.997768
153370_6,70.78359,1.7416732
153370_7,23.852024,40.517178
153370_8,95.81728,30.749683
153370_9,48.185093,54.920593
153370_10,72.3643,56.290234
153370_11,66.72864,31.28588
153370_12,75.21456,63.78675
153370_13,62.736458,62.370598
153370_14,92.68324,23.946054
153370_16,57.154266,2.0150733
153370_17,38.245552,60.58949
153370_18,73.6268,20.841492
153370_19,76.33974,6.497026
153370_20,70.738754,62.091167
153370_21,44.71492,42.172832
153370_22,81.93319,18.072788
153370_23,66.14576,7.855986
153370_24,48.598167,26.484009
153370_25,82.29915,53.67799
153370_26,65.80019,5.138818
153370_27,79.18269,11.5929575
153370_28,85.822815,9.112764
153370_30,67.12065,56.93873
153370_31,81.161415,30.66209
153370_32,53.45584,52.285614
153370_33,93.64626,47.604633
153370_35,65.78398,49.95397
153370_36,89.83197,7.10534
153370_37,47.221523,59.603954
153370_38,18.148008,62.90992
153370_39,37.99151,35.637672
153370_40,81.909584,63.71884
153370_41,91.3632,7.587268
153370_42,23.745827,61.86222
153370_43,94.679375,18.189514
153370_44,17.63997,1.6478487
153370_45,87.62541,25.779108
153370_46,85.38066,6.8526525
153370_47,91.563156,10.884611
153370_49,58.835854,23.76618
153370_50,50.447037,38.872883
153370_51,69.40034,44.602287
153370_53,8.511302,61.52954
153370_54,71.23134,59.44929
153370_55,36.729195,61.37975
153370_56,27.497711,65.15702
153370_57,54.667442,15.754587
153370_58,82.79353,43.34109
153370_59,86.6935,23.158747
153370_60,88.186424,3.75671
153370_61,93.90122,47.233467
153370_63,72.642654,4.0170674
153370_64,89.77461,54.252758
153370_65,89.52617,6.8552604
153370_66,63.12273,6.02423
153370_67,83.121605,13.344118
153370_68,81.361786,32.696453
153370_69,34.85124,57.271137
153370_70,32.019142,6.6851797
153370_71,58.670998,39.966682
153370_72,59.039867,6.873347
153370_73,70.52214,61.436363
153370_74,40.1932,2.7857468
153370_75,78.87583,18.707832
153370_76,90.54307,9.32276
153370_78,55.06434,40.251457
153370_79,42.02172,33.917793
153370_80,66.12612,12.315681
153370_81,60.856903,42.341824
153370_83,76.23982,53.36143
153370_85,49.57522,16.391897
153370_86,77.90224,9.904948
153370_88,45.51306,44.70328
153370_89,87.07325,6.901883
153370_90,91.196465,44.47782
153370_91,91.9237,30.19397
153370_92,75.84452,64.80076
153371_1,67.87845,4.477238
153371_2,21.628849,3.090433
153371_3,68.066345,11.410867
153371_4,70.55437,63.798237
153371_5,71.11174,59.80921
153371_6,90.973145,61.98365
153371_7,48.04485,11.907965
153371_8,81.10164,12.721838
153371_9,59.96224,7.095975
153371_10,53.91908,4.381515
153371_11,76.65901,6.5903215
153371_12,73.40224,62.437744
153371_13,78.50993,50.890835
153371_14,93.45616,29.257381
153371_15,65.07042,31.85381
153371_16,70.81686,62.102844
153371_17,65.06892,30.490051
153371_18,66.358475,52.20324
153371_19,44.535583,57.18263
153371_20,72.26808,10.479682
153371_21,61.54714,7.788806
153371_22,39.598164,2.6882584
153371_23,68.05495,65.107605
153371_24,96.02764,43.619984
153371_25,94.88496,32.290176
153371_26,50.62575,12.828366
153371_27,55.38921,33.08958
153371_28,92.04439,10.135663
153371_29,66.43376,27.373142
153371_30,82.07155,26.099926
153371_31,59.28765,66.4318
153371_32,86.00908,58.9339
153371_34,97.4295,29.467798
153371_35,54.771473,19.142223
153371_36,80.37553,11.6498575
153371_37,91.31584,6.3916273
153371_38,89.47551,16.784342
153371_39,12.700472,52.7555
153371_40,63.784004,38.695667
153371_41,87.886215,24.392134
153371_42,94.036125,47.669132
153371_43,30.435902,6.358291
153371_44,58.23042,54.80761
153371_45,77.45818,5.774563
153371_48,53.84306,13.251895
153371_49,84.385605,35.234154
153371_50,73.4452,11.8332
153371_51,74.81057,62.51673
153371_52,87.519005,60.749134
153371_53,78.20115,42.191658
153371_54,49.67437,10.60147
153371_55,86.78217,20.521784
153371_56,45.213673,64.727974
153371_57,69.67338,62.3336
153371_58,71.88779,6.5877314
153371_60,91.51561,43.885845
153371_61,88.82629,58.687733
153371_62,90.750046,54.33111
153371_63,58.914574,9.708298
153371_64,63.77024,62.75219
153371_65,37.21142,5.282608
153371_66,57.99241,40.508625
153371_67,83.915634,64.179665
153371_68,91.71626,52.71543
153371_69,96.17311,36.37941
153371_70,87.3347,61.549816
153371_71,53.449463,5.5879526
153371_72,72.824684,37.05999
153371_73,88.32442,7.1424193
153371_74,87.07585,26.821817
153371_75,75.28526,60.86966
153371_76,50.82438,60.60334
153371_77,69.35924,63.817566
153371_78,82.70812,57.48816
153371_79,59.655224,63.309113
153371_80,85.84108,11.017413
153371_81,56.80645,4.590724
153371_82,66.38371,56.8751
153371_83,81.44873,15.794647
153371_84,61.30119,51.799084
153371_85,93.35206,35.097958
153371_86,83.086876,27.362339
153371_87,66.53844,62.60011
153371_88,48.020405,4.8602815
153372_1,32.744637,15.323572
153372_2,28.758093,1.6874659
153372_3,77.96104,17.492039
153372_4,38.800026,1.356845
153372_5,54.518414,2.2977808
153372_6,30.827534,3.8762207
153372_7,92.51696,62.51951
153372_9,96.4116,62.302948
153372_10,68.99207,2.8036008
153372_11,55.70519,6.6961794
153372_12,87.33946,31.276958
153372_13,62.0258,16.519566
153372_14,93.04608,20.107286
153372_16,68.18147,55.633392
153372_17,73.35604,18.260258
153372_18,86.01515,14.836374
153372_19,85.24468,38.002525
153372_20,27.803314,56.613506
153372_21,73.66385,64.19971
153372_22,89.81955,7.082034
153372_24,49.774986,59.99763
153372_25,82.45921,17.503944
153372_26,46.110832,64.00313
153372_27,54.426044,48.487526
153372_28,70.797806,12.732947
153372_29,86.69794,41.001125
153372_30,75.91929,66.14009
153372_31,80.66396,6.96875
153372_32,61.55732,53.310047
153372_33,88.10524,31.909693
153372_34,80.1074,53.672077
153372_35,27.86965,49.171272
153372_36,91.14106,14.950923
153372_38,28.120184,2.2681272
153372_39,91.41289,55.382454
153372_40,90.68653,60.614952
153372_41,72.884476,15.074072
153372_42,89.328995,62.716602
153372_43,38.806908,2.627173
153372_44,72.18834,34.812065
153372_45,45.99313,36.086983
153372_46,93.1913,9.888207
153372_47,86.84044,62.39149
153372_48,81.02588,10.104605
153372_49,64.03956,11.741522
153372_50,28.555725,2.2911534
153372_51,20.517248,1.9446558
153372_52,82.735855,62.287853
153372_53,31.169281,59.707726
153372_54,65.27684,6.166557
153372_55,92.269966,27.804937
153372_56,68.389084,63.556236
153372_57,38.820995,6.784288
153372_58,53.831337,51.492138
153372_59,49.355762,62.618725
153372_60,72.18929,58.575848
153372_61,96.70917,25.884054
153372_62,46.93276,3.1133325
153372_63,55.30245,2.5561862
153372_64,84.869705,16.2277
153372_65,43.28534,20.722643
153372_66,76.19478,62.652912
153372_67,92.082405,64.2617
153372_68,55.344475,60.620758
153372_69,87.834694,27.306967
153372_70,39.715473,1.6811354
153372_71,84.25895,39.864483
153372_72,67.02031,37.187805
153372_73,10.367622,3.4716067
153372_74,89.92702,22.813908
153372_75,91.03899,5.1631155
153372_76,63.314972,52.256542
153372_77,83.32649,22.469631
153372_79,62.7185,65.28139
153372_80,91.468124,45.69879
153372_82,86.64137,43.74175
153372_83,13.623047,15.4342165
153372_84,92.977806,49.402702
153372_85,42.0509,40.03822
153372_86,76.460655,58.118256
153372_87,64.26784,61.07154
153372_88,78.6729,41.937206
153372_89,81.24326,45.992054
153372_90,44.279343,63.269928
153372_91,76.83258,52.612328
153372_92,33.8603,53.635582
153372_93,91.90484,35.84046
153372_94,100.11983,33.099266
153372_95,79.00652,44.94588
153372_96,49.042,39.78309
153372_97,20.602112,64.70448
153373_1,71.53123,10.472883
153373_2,42.50728,3.381472
153373_3,62.0625,56.44032
153373_4,69.89883,1.9631535
153373_5,47.965767,45.058804
153373_6,29.241608,43.714745
153373_7,35.903954,5.4107656
153373_8,21.052986,9.734037
153373_9,84.50403,30.465525
153373_10,40.280403,3.670117
153373_13,41.455147,10.215713
153373_14,79.77873,7.0760345
153373_15,67.01225,5.476493
153373_16,44.453644,5.8469887
153373_17,63.7018,3.5670578
153373_18,33.023342,65.26833
153373_19,33.51706,60.194386
153373_20,28.943604,3.5934727
153373_21,75.12542,4.2555017
153373_22,75.88434,62.76998
153373_23,88.005936,14.106417
153373_24,91.13431,37.495094
153373_25,80.743996,5.716937
153373_26,60.299774,1.272837
153373_27,67.656006,7.821784
153373_28,83.65206,61.517445
153373_29,80.856544,54.350708
153373_30,18.675024,3.255713
153373_31,59.963295,16.315945
153373_32,32.821346,63.360493
153373_34,4.7290134,27.004898
153373_35,93.093864,37.18745
153373_36,85.7365,38.598553
153373_37,37.533882,7.452363
153373_38,86.46591,15.031408
153373_40,54.265633,54.483864
153373_41,94.8446,16.257463
153373_44,67.66475,62.23543
153373_45,59.625618,2.8177457
153373_46,82.0706,9.621491
153373_47,43.21393,64.26692
153373_49,25.096344,65.22315
153373_50,35.991295,62.952717
153373_51,73.460915,3.2426994
153373_52,86.73684,19.775833
153373_54,65.99415,63.969097
153373_55,47.06797,6.363195
153373_56,60.056526,17.395525
153373_57,89.96472,54.89806
153373_58,91.043045,58.030445
153373_60,91.72102,58.520966
153373_61,22.266811,9.2704525
153373_63,38.112583,60.69513
153373_64,80.87102,33.90491
153373_65,54.01284,26.861866
153373_66,82.34936,5.2742157
153373_67,73.748985,12.171218
153373_68,66.792206,7.8231735
153373_70,65.917625,64.22647
153373_71,62.111378,63.074738
153373_72,39.389328,18.832914
153373_73,52.194466,5.5855246
153373_76,96.814,62.428352
153373_77,79.52642,66.101585
153373_78,35.56646,1.2521156
153373_79,11.362094,60.331745
153373_80,85.42819,58.214684
153373_81,31.734396,4.026679
153373_82,84.19776,9.368754
153373_83,84.70304,5.8505163
153373_84,76.628494,60.36924
153373_86,81.81218,37.455605
153373_87,90.2479,45.2806
153373_88,75.100136,55.498222
153373_89,63.295025,66.09397
153373_90,48.97803,61.775013
153373_91,69.96067,62.928795
153373_92,80.74286,61.25006
153373_93,67.24919,47.259144
153373_94,85.65273,6.9838514
153373_95,52.13523,41.365826
153373_96,83.174576,8.181877
153373_98,47.997776,31.154316
153373_99,76.20371,3.0772111
153374_1,81.13075,53.76184
153374_2,35.922897,33.640015
153374_3,70.542,60.097363
153374_4,46.045544,14.081022
153374_5,46.169437,3.4259841
153374_6,87.53862,10.997987
153374_7,86.19013,47.624977
153374_8,76.94553,64.19811
153374_9,38.9618,39.58514
153374_11,38.9223,21.95314
153374_12,93.67729,47.611588
153374_14,60.877815,52.345417
153374_15,41.86088,63.615074
153374_16,47.51171,27.125727
153374_18,67.64214,53.239113
153374_19,64.91556,2.96279
153374_20,83.15783,30.74931
153374_22,50.174267,31.43452
153374_23,70.730385,31.508617
153374_24,67.09668,64.06081
153374_25,90.0653,52.82662
153374_26,90.43998,37.175804
153374_27,31.040277,67.02872
153374_28,91.87869,49.06771
153374_30,75.93681,3.3186512
153374_31,86.897675,8.764163
153374_32,31.068802,65.27642
153374_33,93.70424,31.43859
153374_36,82.202866,60.244606
153374_37,63.25042,19.454273
153374_38,93.05,9.57114
153374_39,43.172325,65.2429
153374_40,45.526394,65.41894
153374_41,83.31528,22.082039
153374_43,87.10885,58.34535
153374_44,77.895,13.0188265
153374_45,87.28788,10.443903
153374_46,41.957146,58.98133
153374_47,57.3974,9.3611145
153374_48,86.48127,39.23153
153374_49,77.182594,63.30434
153374_50,56.54474,7.498004
153374_51,86.79102,47.375786
153374_52,84.63435,60.822094
153374_53,49.134262,9.459734
153374_54,69.8275,3.2455933
153374_55,42.715538,65.37111
153374_56,14.435432,65.27653
153374_57,19.905071,63.38871
153374_58,87.78723,45.97718
153374_59,79.046974,35.506187
153374_61,87.052246,43.708794
153374_62,92.1001,64.30692
153374_63,64.801926,6.452932
153374_64,90.7488,10.266008
153374_65,85.04879,57.09185
153374_66,45.377922,3.0664992
153374_67,87.193016,24.474712
153374_68,80.87954,20.71056
153374_69,94.813515,28.030102
153374_71,79.19338,8.381351
153374_73,78.60852,27.507572
153374_74,82.8371,5.6175957
153374_75,86.64882,7.2230277
153374_76,90.935745,4.730859
153374_77,86.39479,1.8987964
153374_79,71.89052,10.159408
153374_80,81.90265,58.69306
153374_82,35.671745,9.57687
153374_83,87.07779,28.641773
153374_84,87.8976,41.406567
153374_85,28.400549,43.27345
153375_1,63.44472,63.2453
153375_2,40.894367,48.1591
153375_3,77.6546,63.416767
153375_5,97.82556,49.295464
153375_6,29.70665,6.4407434
153375_7,87.013535,45.241814
153375_8,86.287186,48.38858
153375_9,90.24009,40.822483
153375_10,76.3157,62.805054
153375_11,50.498383,31.686657
153375_12,81.34595,63.160583
153375_13,41.27825,52.610363
153375_14,34.120384,6.264594
153375_15,55.155132,60.998558
153375_16,79.82806,64.44015
153375_17,19.509548,56.816235
153375_18,73.78906,6.6952004
153375_19,78.62058,6.6128206
153375_20,82.02502,13.587628
153375_21,79.629654,37.137295
153375_22,92.109085,3.0455582
153375_23,41.847107,3.018374
153375_24,84.41029,20.193415
153375_25,91.40944,8.099109
153375_26,74.31527,59.66814
153375_27,53.14318,52.394867
153375_28,50.791256,13.157901
153375_29,77.630066,62.90801
153375_30,75.039566,6.0004973
153375_32,45.71047,8.606569
153375_33,78.86589,33.951447
153375_35,49.789318,61.26815
153375_36,93.488594,51.48545
153375_39,66.418564,61.976917
153375_40,57.606148,11.476248
153375_41,71.24231,61.255493
153375_42,25.773966,3.5794559
153375_43,34.924496,3.7375824
153375_44,83.19171,17.740532
153375_45,28.321558,4.9621253
153375_46,36.826534,54.982533
153375_47,51.508656,59.443188
153375_48,79.86342,9.177936
153375_49,90.04143,53.309948
153375_50,47.613625,63.52019
153375_51,85.56584,37.342857
153375_53,79.72489,56.298866
153375_54,90.48094,54.260426
153375_55,16.145458,59.70711
153375_56,70.56786,56.165855
153375_57,27.228601,62.196117
153375_58,89.5057,3.1524968
153375_59,28.466045,58.64518
153375_60,54.321404,58.257545
153375_61,46.31487,64.1649
153375_62,71.60372,61.43636
153375_63,46.707207,60.566883
153375_65,49.637,59.437756
153375_66,15.964734,7.8737655
153375_67,69.903015,7.1296797
153375_68,53.908558,14.263316
153375_69,72.56093,60.65755
153375_70,89.22947,26.87643
153375_71,83.37691,62.6466
153375_72,83.40285,56.930775
153375_73,90.42668,17.422285
153375_77,80.56105,6.353305
153375_78,92.802605,18.499933
153375_79,80.832596,12.563757
153375_80,88.80925,8.29207
153375_82,15.2076645,63.272633
153375_83,81.57187,23.828585
153375_84,86.687584,53.3758
153376_1,41.518257,61.62145
153376_2,89.18958,34.48813
153376_3,73.696075,7.3081956
153376_4,91.20581,8.282777
153376_5,71.357864,38.833866
153376_6,81.72661,11.369629
153376_7,87.27693,12.208788
153376_8,81.030624,7.4944906
153376_9,89.37982,18.354946
153376_10,91.70897,53.496986
153376_11,79.86873,65.873024
153376_12,79.49118,6.9818063
153376_13,93.68366,6.60271
153376_15,27.101181,36.358757
153376_16,79.96834,59.075294
153376_18,68.616974,8.671184
153376_19,84.4329,53.695984
153376_22,58.545124,58.519646
153376_23,89.690056,7.7436867
153376_24,61.596313,15.164218
153376_25,58.66178,21.80127
153376_26,67.95166,3.571666
153376_27,73.908035,5.363555
153376_28,36.68728,3.677695
153376_29,86.09474,8.573634
153376_30,78.479965,58.39562
153376_31,77.20636,63.897087
153376_33,68.999405,58.137463
153376_34,91.05785,12.281923
153376_35,89.11957,62.856262
153376_36,76.444954,44.987556
153376_39,91.57118,57.98359
153376_40,84.76511,7.454156
153376_41,35.401558,53.95992
153376_42,38.460438,32.15612
153376_43,91.23167,9.030672
153376_44,96.51703,20.854816
153376_47,91.29552,10.763642
153376_48,75.05127,61.250683
153376_49,39.33201,57.53078
153376_50,44.580734,18.369
153376_51,30.345806,24.587431
153376_52,84.61481,26.228296
153376_53,66.9504,61.19239
153376_54,87.844765,8.532156
153376_55,81.62533,20.409893
153376_56,101.081184,34.67212
153376_57,41.83288,5.064566
153376_60,25.498089,56.144432
153376_61,64.097305,3.8323379
153376_62,76.20039,59.52146
153376_63,27.737793,13.5186405
153376_64,64.36986,63.154285
153376_65,89.55327,10.125308
153376_66,46.41191,30.56312
153376_67,83.307175,5.969672
153376_68,44.954506,2.3891244
153376_69,41.992424,62.88672
153376_70,20.666004,63.76235
153376_71,64.77216,62.2192
153376_72,83.00224,24.2649
153376_73,94.75323,4.9357157
153376_75,87.174644,1.1462587
153376_76,96.58927,32.74439
153376_77,52.346386,52.339424
153376_78,84.02254,3.5218978
153376_79,97.59441,11.55357
153376_80,36.57057,51.500805
153376_81,71.64787,5.4504795
153376_82,83.13681,13.639369
153376_83,81.494,25.367533
153376_84,14.881053,65.27737
153376_85,52.261574,4.0043993
153376_86,85.03525,13.6308775
153376_87,80.70023,61.605072
153376_88,89.094826,20.976904
153376_89,55.68919,49.715218
153377_1,75.302574,51.307545
153377_2,70.00007,63.770367
153377_3,50.492134,3.2140708
153377_7,92.065735,49.38987
153377_8,95.90962,35.74399
153377_9,28.965897,65.44696
153377_10,20.546543,65.20446
153377_11,79.78705,54.63739
153377_12,65.14517,52.17386
153377_13,46.055054,44.349796
153377_14,54.665882,63.68269
153377_15,16.97017,62.253845
153377_16,79.44699,53.17138
153377_17,82.97701,21.557474
153377_18,28.205725,63.703766
153377_19,10.193762,2.560615
153377_20,42.03341,12.152348
153377_21,35.43161,5.248047
153377_22,84.53725,5.3225055
153377_23,43.000366,5.784417
153377_24,90.47817,49.562508
153377_25,69.39068,13.503575
153377_26,71.3669,23.92764
153377_27,77.5969,6.1581726
153377_28,53.80252,41.76058
153377_29,89.40185,49.18129
153377_30,36.920364,64.105835
153377_31,72.77934,25.52795
153377_32,78.94185,3.590377
153377_33,6.543574,2.5522466
153377_34,93.43599,50.000343
153377_35,76.0792,31.871296
153377_36,53.073944,43.85469
153377_37,90.98808,23.596212
153377_38,68.52962,65.194046
153377_39,14.311945,3.9909096
153377_40,11.448569,59.55719
153377_41,22.495052,5.6486464
153377_42,82.50231,8.123186
153377_43,43.000557,62.991505
153377_44,92.87303,54.55147
153377_45,82.64323,2.1925018
153377_46,23.671488,27.325476
153377_47,51.40907,24.175335
153377_48,38.22908,63.469353
153377_49,80.0203,38.010155
153377_50,59.18103,55.087566
153377_51,54.549152,6.3122168
153377_52,68.00261,8.756081
153377_53,47.516724,33.90261
153377_54,62.3799,62.038383
153377_55,67.36387,4.6359453
153377_56,89.04469,11.306189
153377_58,58.086823,63.1408
153377_59,51.947884,4.8516583
153377_60,73.44618,58.160988
153377_63,73.92647,60.6263
153377_64,88.37204,7.302991
153377_65,77.16777,13.058737
153377_66,83.2755,51.991528
153377_67,88.437996,36.441162
153377_68,44.01484,5.8587785
153377_69,73.52497,6.1132956
153377_70,90.98077,17.54048
153377_72,37.27087,8.350638
153377_73,85.69462,15.277901
153377_74,60.070934,60.613995
153378_1,71.21872,4.999898
153378_2,39.86228,64.24851
153378_3,80.804726,8.542495
153378_4,79.04295,9.31469
153378_5,88.941284,3.5821972
153378_6,97.58354,35.97181
153378_8,44.801594,37.02863
153378_9,79.52699,6.250096
153378_11,49.497013,57.081825
153378_12,68.43188,5.8479586
153378_13,62.428383,27.83613
153378_14,91.679596,8.978169
153378_15,77.3727,16.521004
153378_16,36.118217,65.00946
153378_17,85.77336,7.4257026
153378_18,85.47365,6.624682
153378_19,88.91893,57.326405
153378_20,93.830124,35.54311
153378_21,54.83947,5.225427
153378_22,52.314617,3.9596794
153378_23,89.279526,33.974937
153378_24,86.97107,56.807312
153378_25,40.797752,7.726641
153378_26,71.03689,6.408737
153378_27,84.389725,9.802267
153378_28,89.83705,5.242898
153378_29,93.43564,12.884694
153378_30,78.05614,65.72483
153378_31,52.142906,7.3218217
153378_32,21.11431,3.4975476
153378_33,78.14136,22.92622
153378_34,65.13153,63.88984
153378_35,42.29576,12.877281
153378_36,53.895638,3.9607863
153378_37,77.92133,8.720179
153378_38,65.518875,4.069615
153378_39,23.158913,61.458427
153378_40,94.746284,41.882454
153378_41,90.48982,31.059982
153378_42,72.71327,63.069542
153378_43,93.58173,43.12197
153378_44,29.69049,61.969322
153378_45,82.096664,9.037199
153378_46,90.72833,29.683767
153378_47,29.025156,10.155299
153378_48,65.573906,7.1224794
153378_49,18.322647,65.79001
153378_50,54.60951,65.41455
153378_51,73.34956,49.55532
153378_52,91.85331,39.597256
153378_53,68.504105,63.242756
153378_55,87.41649,9.031279
153378_56,73.16118,6.1313124
153378_58,22.808521,3.8146615
153378_59,76.805504,64.085556
153378_60,18.060003,3.9006958
153378_61,47.044003,54.33665
153378_62,87.498634,17.519844
153378_64,57.75658,8.028595
153378_65,33.674145,63.845886
153378_66,49.737713,55.869396
153378_67,87.50252,6.8679376
153378_69,32.079876,18.000359
153378_70,88.9886,53.37539
153378_71,86.15467,63.32727
153378_72,77.79566,9.6514435
153378_73,47.69752,63.663445
153378_74,83.62972,52.54174
153378_75,82.74755,49.116596
153378_76,89.524666,17.560595
153378_77,96.69747,46.417408
153378_78,75.88535,2.9858189
153378_79,84.42947,7.194346
153378_80,71.91474,45.302685
153378_81,91.84515,6.282756
153378_82,26.506968,18.18408
153378_83,57.072857,8.41868
153378_84,89.710495,12.316931
153378_85,61.664024,1.950876
153378_86,50.547554,8.90061
153378_87,69.92528,32.994514
153378_88,10.402998,3.285211
153378_89,29.109196,6.0379705
153378_90,46.304268,63.81598
153378_91,36.759552,8.941264
153378_92,34.855675,65.159744
153378_93,67.98509,10.094504
153379_1,37.057964,4.1138673
153379_2,78.16797,47.522
153379_3,68.19332,5.6144075
153379_4,42.19997,4.3104315
153379_5,23.184902,2.0093265
153379_6,33.376602,54.781116
153379_7,93.60327,34.942944
153379_9,71.42324,7.026204
153379_11,56.58827,63.556835
153379_12,88.48157,63.88217
153379_13,89.22306,17.456806
153379_15,84.81901,60.6745
153379_16,34.304256,54.004677
153379_17,45.473534,30.959799
153379_18,92.76708,37.4271
153379_19,61.853065,24.08223
153379_20,58.993153,26.580252
153379_21,87.45935,59.300243
153379_22,48.731575,59.603615
153379_23,49.95279,62.36561
153379_24,70.711716,8.863148
153379_25,36.524017,65.12534
153379_26,57.605186,19.31119
153379_27,53.569435,42.467262
153379_29,15.567398,3.201432
153379_30,63.740547,21.696423
153379_31,33.110725,3.59268
153379_32,45.974636,2.687821
153379_33,42.304726,64.00932
153379_34,49.35131,5.090835
153379_35,75.44884,23.273127
153379_36,56.976006,48.75637
153379_37,48.71625,22.8414
153379_38,36.70191,6.953192
153379_39,57.016468,10.159666
153379_40,81.43267,59.399353
153379_41,41.933643,14.252879
153379_42,52.88842,22.369865
153379_43,52.1299,25.447094
153379_44,59.183327,6.0818877
153379_45,59.08805,8.783838
153379_46,40.844673,59.050087
153379_47,64.93456,12.856961
153379_48,35.310196,4.57154
153379_49,37.89756,4.1804533
153379_50,30.779026,28.49239
153379_51,75.8861,34.73719
153379_52,74.51035,19.913267
153379_54,24.246853,11.541046
153379_55,46.659542,58.388958
153379_56,52.81308,50.853703
153379_57,85.68827,49.85852
153379_58,62.235004,10.591201
153379_59,22.39593,6.0739493
153379_60,38.983006,58.226562
153379_61,66.06344,4.1914244
153379_62,52.964375,31.033676
153379_63,90.702,46.852352
153379_64,68.39809,8.78821
153379_65,64.357605,62.516956
153379_66,82.61925,7.193854
153379_67,88.64293,51.488525
153379_68,67.75602,8.125975
153379_69,49.607903,13.847054
153379_70,73.65175,54.854744
153379_71,93.06887,52.03193
153379_72,74.08334,61.659595
153379_73,37.169594,2.6282086
153379_74,39.526314,65.19977
153379_75,89.09524,16.53827
153379_76,69.02913,64.38885
153379_77,88.595695,24.228447
153379_78,81.91442,61.759193
153379_79,72.44742,47.44803
153379_80,77.86445,13.334976
153379_81,41.650654,46.15908
153379_82,79.452866,13.706334
153379_84,68.244736,19.179209
153379_87,56.55125,55.99074
153379_88,98.662186,25.360508
153379_89,88.98047,21.125254
153379_90,38.255234,9.7647
153379_91,89.51997,31.244404
153379_92,89.22017,53.904175
153379_93,96.75347,42.769417
153379_94,88.839806,58.840527
153379_96,38.82839,11.559902
153379_97,85.600914,31.95964
153379_98,62.8291,60.154686
153379_100,82.41838,59.372528
153380_1,54.91674,5.089532
153380_2,69.83653,58.620476
153380_3,35.064697,60.405994
153380_4,72.58189,62.191864
153380_5,54.50528,34.277603
153380_6,79.525734,56.033398
153380_8,86.89338,35.17641
153380_9,96.13446,26.930578
153380_10,21.328388,4.74421
153380_11,52.802742,66.55921
153380_12,79.884445,60.57356
153380_13,81.34909,51.064175
153380_15,43.094994,25.746576
153380_16,66.65647,64.34486
153380_17,80.76821,48.910755
153380_18,94.04392,39.101063
153380_20,90.982635,6.4630547
153380_21,37.95833,7.356246
153380_22,64.198875,1.806729
153380_23,72.86381,5.06548
153380_24,62.704933,62.451607
153380_25,84.58778,59.02909
153380_26,20.268827,7.7967973
153380_27,55.8177,63.038677
153380_28,75.34865,5.367066
153380_29,42.02021,8.059917
153380_30,82.39915,8.37659
153380_31,52.89736,44.32043
153380_32,87.25452,35.89963
153380_33,48.637676,4.472114
153380_34,36.404552,2.5001502
153380_35,88.89225,53.239616
153380_36,19.68681,1.5149618
153380_37,77.11363,5.1190825
153380_38,85.541695,3.289172
153380_39,81.42002,6.1990523
153380_40,27.666073,6.689183
153380_41,62.63816,22.69968
153380_42,81.58588,8.996437
153380_44,85.63533,53.83965
153380_45,48.24506,20.506565
153380_46,89.663086,59.73272
153380_47,84.75735,17.720905
153380_48,95.07503,7.606585
153380_49,85.283615,52.002857
153380_50,88.05602,50.315514
153380_52,70.971794,57.636833
153380_53,65.86641,37.453438
153380_54,78.51447,3.6269372
153380_55,81.28023,34.68479
153380_57,66.59395,49.842464
153380_58,89.99912,49.448864
153380_59,60.76861,64.641396
153380_61,80.756165,50.68265
153380_62,68.46054,62.0071
153380_63,42.24032,6.0600886
153380_64,63.431377,4.589611
153380_65,74.564445,9.187206
153380_66,70.75793,15.642267
153380_67,90.566025,53.56762
153380_68,69.1776,5.731007
153380_69,71.029884,59.53249
153380_70,44.481964,26.817875
153380_71,62.933704,53.470264
153380_72,72.914925,57.416553
153380_74,96.34367,16.069954
153380_75,64.12581,58.220634
153380_76,88.470856,47.11528
153380_77,62.38526,10.858114
153380_78,55.728596,63.80384
153380_79,39.75798,2.5176473
153380_80,56.84369,35.598022
153380_81,75.0828,19.095686
153380_82,93.353546,27.037708
153380_83,55.816486,35.996487
153380_84,68.65915,5.732342
153380_85,57.148277,4.206525
153380_86,82.909645,48.406563
153380_87,82.739914,53.842964
153380_88,17.976595,2.6879177
153380_89,91.23385,28.990686
153380_90,83.05821,4.969992
153380_91,83.20979,44.69461
153380_92,43.059635,51.005318
153380_93,70.41823,41.99743
153380_94,66.856476,63.484474
153380_95,86.09213,22.792788
153380_96,57.65584,48.08251
153380_97,68.0077,1.8963153
153380_98,91.2127,26.894476
153380_99,61.87786,56.920826
153380_100,42.759197,65.53986
153380_101,79.49742,45.66288
153380_102,79.10511,28.558237
153380_103,47.689907,65.502106
153380_104,48.40052,65.39053
153380_105,92.048294,16.536432
153380_106,81.751686,62.125835
153380_107,75.51394,10.831963
153381_1,52.067066,3.8565383
153381_2,66.31488,63.675385
153381_3,72.25161,66.75919
153381_4,33.593727,9.252343
153381_5,89.81481,13.8548155
153381_6,81.64308,50.683968
153381_7,74.41158,28.71635
153381_8,24.647121,14.18527
153381_10,56.79243,29.81726
153381_11,46.88741,66.433105
153381_12,38.92345,24.101368
153381_13,78.19826,61.268036
153381_14,90.289474,63.38374
153381_16,71.903854,49.98841
153381_17,39.45791,5.822789
153381_18,69.459984,54.240196
153381_21,46.898216,57.036003
153381_22,47.77694,3.5307941
153381_23,38.49878,62.347717
153381_24,46.35497,62.81919
153381_25,91.722824,8.115555
153381_26,68.31448,30.77477
153381_27,9.675301,8.009668
153381_28,87.172874,15.881128
153381_29,79.459816,46.449715
153381_30,85.78966,5.7066183
153381_31,57.260876,52.693115
153381_32,28.977493,6.174165
153381_33,46.314274,59.438805
153381_34,28.9791,12.01436
153381_35,77.78023,6.5348063
153381_36,96.35475,35.906303
153381_37,87.95257,57.374214
153381_39,83.45802,4.827049
153381_41,84.41322,59.32194
153381_42,76.08498,17.174295
153381_43,76.47458,41.42157
153381_44,85.043594,45.19196
153381_45,38.295464,6.1625657
153381_46,54.72341,63.343872
153381_47,61.720867,6.8135123
153381_48,45.964653,9.433495
153381_49,88.21344,31.269276
153381_50,33.560417,6.4999323
153381_51,86.99338,23.205256
153381_52,82.89582,18.434107
153381_55,63.746094,44.57913
153381_57,88.9933,47.2594
153381_58,71.81764,35.345814
153381_59,90.071335,12.183147
153381_60,56.79412,62.42755
153381_61,66.329445,57.914265
153381_62,92.44924,56.406822
153381_63,91.22939,36.663063
153381_64,45.772827,14.25528
153381_65,43.462532,63.25953
153381_66,78.60155,30.53392
153381_67,80.51491,56.283783
153381_68,75.670494,56.675556
153381_70,69.44367,3.543548
153381_71,90.914764,46.183987
153381_72,29.456507,42.30412
153381_73,55.772438,61.526115
153381_74,73.68677,53.32065
153381_75,75.428955,19.318235
153381_76,88.50802,18.10431
153381_79,10.325608,2.654917
153381_80,85.61441,44.575935
153381_82,90.271194,14.799356
153381_83,89.99359,10.684732
153381_84,71.216675,6.6978045
153381_85,84.144,60.291393
153381_88,76.252754,3.2031207
153381_89,86.57926,10.968922
153381_90,54.418648,7.076043
153381_92,42.64103,30.23013
153381_93,97.68154,23.357172
153381_94,91.195175,6.8433123
153381_95,87.75322,28.344044
153381_96,76.32117,54.905663
153382_1,52.934166,57.469013
153382_2,28.735748,61.16341
153382_3,65.00855,9.164912
153382_4,70.68466,46.165157
153382_5,84.38619,7.91916
153382_6,89.76256,3.2830791
153382_7,88.31913,60.073418
153382_8,78.376465,48.06713
153382_10,87.90006,61.274933
153382_11,26.112799,9.819841
153382_12,31.282444,3.379081
153382_13,81.70517,59.31557
153382_14,76.04944,62.694305
153382_15,19.839867,3.8650947
153382_16,28.015676,5.205286
153382_17,92.35159,45.642933
153382_18,46.354107,59.199665
153382_19,78.72417,60.09436
153382_20,76.60193,34.912354
153382_22,84.44033,61.548656
153382_23,68.983246,5.52065
153382_24,83.67296,44.19538
153382_25,28.587505,65.73831
153382_26,48.012714,55.973976
153382_27,34.34748,53.681072
153382_28,76.47445,50.87043
153382_29,68.14162,62.742138
153382_30,91.807594,40.193592
153382_31,88.96568,46.674183
153382_32,63.69997,46.53915
153382_34,90.5916,20.787098
153382_35,80.66595,58.626045
153382_36,89.53522,45.863617
153382_37,74.93546,42.662224
153382_38,65.06016,5.7996674
153382_39,15.457469,17.391865
153382_40,58.177055,65.91029
153382_41,95.883896,28.240368
153382_42,93.891106,10.714766
153382_43,37.028564,45.70102
153382_44,59.019726,30.60017
153382_45,69.589005,1.2199771
153382_47,85.439186,60.967957
153382_49,55.79191,8.812704
153382_50,42.48471,62.437805
153382_51,25.054209,37.083324
153382_52,78.00094,29.918957
153382_53,67.29782,19.16424
153382_54,94.07162,42.806526
153382_55,72.88878,22.798115
153382_56,53.673523,11.303922
153382_57,49.554874,5.478893
153382_58,69.58049,5.9538903
153382_59,46.797417,12.309317
153382_63,49.89523,61.40275
153382_64,95.06173,60.23719
153382_65,21.90555,62.11013
153382_66,91.41729,54.682262
153382_67,90.31081,9.151934
153382_68,69.10277,5.4399734
153382_70,86.92973,3.518219
153382_71,88.68786,60.200897
153382_72,46.422855,8.415972
153382_73,86.94412,56.248547
153382_75,36.808437,5.489402
153382_76,59.49831,49.49584
153382_77,30.970432,65.4146
153382_78,88.247574,49.421406
153382_80,76.08197,9.1696005
153382_81,91.080795,46.232483
153382_82,93.82567,30.688267
153382_83,91.76875,18.1591
153382_84,93.854065,30.400127
153382_85,62.491432,57.10919
153382_87,90.96664,22.602335
153382_88,64.19126,59.663628
153382_89,26.620214,55.117493
153383_1,93.210304,57.390667
153383_2,36.570393,59.875965
153383_4,30.996807,2.867719
153383_5,69.13417,11.268675
153383_6,88.916336,7.6074076
153383_7,88.75629,9.042205
153383_8,36.337517,60.32366
153383_9,89.989456,17.269817
153383_10,95.214195,41.560528
153383_11,70.567535,62.722485
153383_13,46.53644,4.799468
153383_14,68.28878,5.542068
153383_15,91.141785,16.907948
153383_16,69.386406,3.8131187
153383_17,56.660225,50.718487
153383_18,65.57001,56.82903
153383_19,87.224686,58.53343
153383_20,57.90984,3.938385
153383_21,50.235508,13.440691
153383_22,68.89987,62.51358
153383_23,80.6221,9.546843
153383_24,69.50633,64.20475
153383_25,78.781876,61.05086
153383_26,32.25715,12.400113
153383_27,83.95461,53.301514
153383_28,70.15617,10.356462
153383_29,83.53237,46.097233
153383_30,55.418037,42.151863
153383_31,69.148476,62.39497
153383_32,26.735584,26.533054
153383_34,68.74929,4.9185586
153383_35,79.946266,34.08686
153383_36,96.91286,17.355644
153383_37,57.62911,6.6826525
153383_38,70.14862,5.155074
153383_39,51.01983,63.701824
153383_40,62.444763,3.850505
153383_41,38.883553,10.553398
153383_42,52.068916,61.19889
153383_43,24.71997,2.3309677
153383_44,73.30996,64.55129
153383_45,85.988655,53.670105
153383_46,58.30481,38.426216
153383_47,95.126686,38.90849
153383_48,87.13068,55.030525
153383_49,75.506615,4.441556
153383_50,49.64778,64.651505
153383_51,46.05812,64.97835
153383_53,87.50774,19.41563
153383_54,37.215126,3.951345
153383_55,22.80901,63.618187
153383_56,90.70663,13.711052
153383_57,78.8276,10.107735
153383_58,46.631207,58.714306
153383_59,75.97666,60.450752
153383_60,60.261116,2.323154
153383_62,78.381516,61.20647
153383_64,91.06953,55.35943
153383_65,46.297752,49.861362
153383_66,70.344864,5.994525
153383_67,78.35689,53.198597
153383_68,74.99602,14.927953
153383_69,37.235313,4.6893497
153383_70,39.390705,6.2663503
153383_71,88.55423,56.17384
153383_73,21.456394,61.345592
153383_74,61.29476,62.283062
153383_75,58.560646,25.21494
153383_76,63.10846,62.01366
153383_77,82.04396,17.828812
153383_78,89.50516,55.05581
153383_79,85.42185,53.148815
153383_80,90.99391,38.854576
153383_81,50.511276,39.25567
153383_82,54.527966,5.019412
153383_83,74.948494,23.545588
153383_84,75.021576,60.72931
153383_86,48.813812,60.285957
153384_1,61.20556,63.65689
153384_2,66.77784,60.189056
153384_3,42.738476,2.540235
153384_4,27.225626,56.041676
153384_5,75.88715,9.484553
153384_6,69.391785,64.79198
153384_7,49.87597,2.5984066
153384_9,77.486664,43.95193
153384_10,83.18949,44.495872
153384_11,52.013084,8.274763
153384_12,89.498764,62.04853
153384_15,64.67549,56.061176
153384_16,66.91235,7.326599
153384_17,53.148376,60.71684
153384_18,51.24997,2.8057823
153384_19,77.90282,32.58052
153384_20,88.2676,4.691836
153384_21,50.479485,51.78414
153384_23,46.734947,26.041645
153384_24,55.00303,60.55544
153384_25,71.45691,57.266438
153384_27,77.641014,56.076958
153384_28,81.06593,61.03765
153384_29,88.92143,10.086022
153384_30,65.978714,59.733448
153384_32,81.14621,21.470037
153384_33,56.981976,63.289062
153384_34,91.28036,48.55897
153384_35,32.66256,2.9238782
153384_36,95.86894,29.053425
153384_37,40.4716,43.237343
153384_38,28.936163,40.0906
153384_39,45.779224,65.25452
153384_40,37.252808,6.7546997
153384_43,77.62598,7.130365
153384_44,59.40523,21.933573
153384_45,73.616035,10.26329
153384_46,85.3116,57.13155
153384_48,93.32094,61.988304
153384_49,17.663042,3.5804965
153384_50,67.313324,55.394646
153384_51,93.80552,15.685104
153384_52,41.919224,60.91488
153384_53,65.785446,16.9811
153384_54,93.63487,5.373143
153384_55,80.89973,5.057631
153384_58,89.82341,49.956352
153384_60,59.384785,7.1497993
153384_61,78.64231,36.956245
153384_62,78.31907,10.721129
153384_63,71.05739,5.4417963
153384_65,34.665634,3.2682242
153384_66,26.301569,8.727982
153384_69,92.89691,6.9002485
153384_70,40.073364,7.127262
153384_71,32.151573,2.845796
153384_73,25.35713,59.93161
153384_74,41.716473,66.07731
153384_75,81.90789,17.539341
153384_76,33.03263,52.54425
153384_77,99.429405,19.812826
153384_80,67.545746,9.269557
153384_81,80.40785,6.203244
153384_82,78.506294,9.41716
153384_85,83.55999,48.60529
153384_86,73.49958,6.4271736
153384_87,50.34047,57.446556
153384_88,50.299675,15.184294
153384_89,91.20677,3.4122868
153384_90,64.82268,1.5142581
153384_91,48.987366,48.457146
153384_93,63.890095,7.12675
153384_94,42.834835,39.067337
153384_95,91.29746,16.228275
153384_96,84.8064,23.378223
153384_97,27.872501,2.7517478
153384_98,64.14522,60.342274
153384_99,28.24527,2.3594906
153384_100,93.8675,34.555016
153384_101,52.609913,45.02356
153384_103,40.400646,49.012524
153384_104,70.293976,63.63601
153384_105,62.30066,6.958159
153384_106,45.36054,40.14561
153384_107,70.31529,54.938988
153384_108,90.89369,7.794338
153384_109,84.35566,47.461185
153384_110,68.172516,53.670708
153384_111,82.70168,62.544373
153384_113,42.329987,33.12425
153384_114,98.375694,33.24279
153384_116,96.373634,34.936142
153384_117,87.98916,53.751507
153384_119,93.79434,36.091305
153385_1,72.22348,65.684006
153385_2,45.86686,8.769567
153385_3,56.140343,61.71284
153385_4,11.346936,62.90075
153385_5,64.21238,4.46835
153385_6,30.071146,62.83834
153385_7,53.526928,64.78758
153385_8,83.9625,49.38871
153385_9,80.20352,58.815422
153385_10,88.49519,57.634834
153385_11,78.566864,25.075903
153385_12,45.630024,54.807167
153385_13,19.97316,37.77759
153385_16,73.550514,24.181774
153385_17,63.698143,59.97126
153385_18,73.81555,53.0166
153385_19,39.530483,65.56433
153385_20,46.232098,66.58954
153385_21,57.137836,62.502434
153385_22,83.16383,61.464172
153385_23,84.47681,58.179443
153385_24,37.42172,61.489075
153385_25,40.512848,42.40327
153385_26,81.78059,40.79937
153385_28,71.90492,64.14275
153385_30,19.211342,50.075134
153385_31,71.27505,7.604567
153385_34,61.596413,6.4517517
153385_35,41.41159,57.453835
153385_36,87.552505,60.133545
153385_38,90.26516,19.426441
153385_39,69.87468,48.974228
153385_40,89.15766,43.910954
153385_41,64.80168,8.298249
153385_42,36.840603,55.110615
153385_43,27.740707,65.45575
153385_44,8.118981,5.8127065
153385_45,87.80711,54.37736
153385_47,87.66654,43.78288
153385_48,38.082054,56.893166
153385_49,28.939884,37.167473
153385_50,51.670063,5.7156386
153385_51,63.017906,60.214256
153385_52,91.342415,19.87399
153385_53,82.994354,33.975704
153385_54,63.1074,47.603355
153385_55,74.76192,14.308957
153385_58,55.69209,58.390846
153385_59,90.81644,16.93803
153385_60,96.92807,16.733257
153385_61,78.77913,57.56842
153385_63,68.28891,43.235016
153385_64,77.85481,8.864934
153385_65,52.188976,27.294666
153385_66,96.19704,10.780232
153385_67,71.21519,12.405952
153385_68,90.63587,25.607605
153385_69,74.51466,59.069744
153385_70,64.9774,28.66072
153385_72,76.18872,25.938442
153385_74,61.744812,7.9215956
153385_75,50.324738,6.4842787
153385_76,82.65286,21.825037
153385_77,97.46135,58.564995
153385_79,45.85019,3.6547763
153385_80,67.74118,6.8253336
153385_81,56.596355,18.906715
153385_82,38.21118,62.33727
153385_83,90.35269,16.325777
153385_84,87.0352,10.273695
153385_89,83.75457,31.377575
153385_90,100.00227,33.775574
153386_1,79.600334,2.9803238
153386_2,85.07207,7.990859
153386_3,54.630512,6.768369
153386_4,67.78642,5.742358
153386_5,84.582535,53.097546
153386_6,86.903076,19.885569
153386_7,73.13153,62.05262
153386_8,85.524826,52.302437
153386_10,57.302086,19.951374
153386_12,55.344513,40.08187
153386_13,55.52929,57.52134
153386_14,39.191147,56.897278
153386_15,96.918175,54.672485
153386_16,80.43891,5.7241526
153386_17,24.301846,63.738453
153386_18,91.96297,3.1137614
153386_20,53.09032,1.8303734
153386_21,80.264175,8.479231
153386_22,61.16789,62.621784
153386_23,91.44234,35.589012
153386_24,82.133224,45.847294
153386_25,71.45817,2.8894472
153386_26,83.82868,0.9468706
153386_28,58.873352,20.131845
153386_29,68.990906,62.19226
153386_31,72.38163,14.428835
153386_33,50.62851,64.41032
153386_34,66.186745,4.304217
153386_35,47.959465,62.67921
153386_36,93.6248,4.3169074
153386_37,26.219997,49.46561
153386_38,90.527214,60.004356
153386_39,51.271027,10.940104
153386_40,47.72285,35.827732
153386_41,51.43212,10.248176
153386_42,69.469666,15.034157
153386_43,86.04201,62.94729
153386_44,71.55798,60.204456
153386_45,88.45134,48.589252
153386_46,79.78727,38.09269
153386_47,82.86013,59.976234
153386_48,55.881523,6.7147307
153386_49,41.141167,65.064224
153386_50,26.49921,5.267952
153386_51,71.14964,6.9607453
153386_52,64.5602,64.7671
153386_53,39.95289,41.57967
153386_54,98.412,33.413063
153386_55,94.44129,30.512562
153386_56,70.67606,45.906082
153386_57,88.68433,13.807669
153386_58,61.592857,28.554623
153386_59,69.52884,25.68089
153386_60,92.61654,27.672812
153386_61,84.882126,14.466182
153386_62,76.8685,56.32055
153386_63,73.200424,66.6817
153386_64,69.18221,61.811634
153386_66,86.11009,6.080434
153386_67,54.3731,61.111168
153386_69,74.56825,34.721878
153386_70,37.628075,28.031433
153386_72,72.56687,7.3200507
153386_73,27.698385,19.12466
153386_74,63.466736,10.367754
153386_76,92.75938,47.868126
153386_77,87.00534,9.883169
153386_78,64.87826,5.7807627
153386_79,93.91594,23.865412
153386_80,35.811584,15.838991
153386_81,87.87852,49.77842
153386_82,84.94826,12.405355
153387_1,83.605225,14.538977
153387_2,81.3405,1.7417805
153387_3,73.79407,14.924973
153387_4,86.53134,22.421795
153387_5,75.446205,24.136616
153387_6,40.416775,49.82026
153387_7,14.4891815,3.8205914
153387_8,91.39763,39.06028
153387_10,84.8629,12.197252
153387_11,64.50144,60.471386
153387_12,31.314661,50.25927
153387_13,55.96181,11.1084385
153387_14,67.41888,4.440535
153387_15,21.953892,4.5106378
153387_16,94.36481,3.7678757
153387_17,90.27081,4.9629927
153387_18,82.35097,10.628692
153387_19,93.97095,28.83227
153387_20,51.83153,5.292085
153387_21,75.59186,34.46206
153387_22,70.94702,61.781544
153387_25,66.0091,62.98002
153387_26,44.0214,13.360794
153387_27,92.08432,46.944744
153387_29,78.98567,2.1789012
153387_30,79.80418,21.433176
153387_31,73.433044,5.009898
153387_32,87.527885,62.49189
153387_33,32.46333,3.8594863
153387_34,83.353165,19.66437
153387_35,37.975033,63.39209
153387_36,81.06611,58.77825
153387_37,60.691174,27.566174
153387_38,82.76072,8.612322
153387_39,39.64342,7.732067
153387_40,40.532784,11.988126
153387_41,70.04517,28.685572
153387_42,91.904686,7.067511
153387_43,87.9702,52.90641
153387_44,91.10162,13.889849
153387_45,88.99734,15.841802
153387_46,43.38923,38.17059
153387_47,94.27897,50.79276
153387_48,56.675823,63.17378
153387_49,52.909332,12.30742
153387_50,91.18028,39.08482
153387_51,80.509705,10.337833
153387_52,56.39254,56.389904
153387_54,87.41257,36.42128
153387_55,59.785034,32.787834
153387_56,53.682117,23.956978
153387_57,89.58827,10.125473
153387_58,80.00842,18.302341
153387_59,88.79544,42.08541
153387_60,44.469597,5.2182393
153387_61,79.49987,4.8660355
153387_62,95.08815,5.1200647
153387_63,81.15159,50.235123
153387_64,77.13487,62.265106
153387_66,42.705982,50.151623
153387_67,91.40483,58.92454
153387_68,69.57472,4.2641187
153387_69,89.3163,8.251239
153387_70,59.219612,21.390453
153387_71,65.969475,18.686764
153387_72,87.175514,41.79827
153387_73,35.15126,23.702759
153387_74,37.29381,60.106037
153387_75,48.53868,60.524403
153387_76,60.01011,36.358727
153387_77,92.67015,40.8801
153387_78,94.24871,24.829897
153387_79,65.29574,13.613287
153387_80,90.88058,7.5951476
153387_81,81.85243,53.44718
153387_82,89.8882,59.99354
153387_83,85.30364,34.29453
153387_84,97.79099,55.372242
153387_85,90.51475,19.078064
153387_86,33.24045,3.9438882
153387_87,68.101685,32.606476
153387_88,43.645718,3.8940578
153388_1,72.14732,5.7261
153388_2,87.78895,11.479552
153388_4,99.42821,38.836586
153388_5,62.885662,21.883188
153388_6,75.14552,59.21883
153388_7,42.50286,3.1935437
153388_8,67.39302,6.796083
153388_9,78.7612,62.44754
153388_10,59.56864,5.5355105
153388_11,47.01513,5.6678495
153388_12,89.80546,38.06501
153388_13,98.83109,29.16627
153388_14,78.65101,5.4209337
153388_15,65.42019,57.372017
153388_16,72.68083,63.70519
153388_17,56.16913,6.4848466
153388_18,67.99663,10.989568
153388_19,45.450706,34.610897
153388_20,21.307795,3.4590294
153388_21,51.44272,65.55596
153388_22,74.022995,6.4532814
153388_23,51.947704,28.141016
153388_24,82.91036,3.1457784
153388_25,77.63126,55.81967
153388_26,68.94737,37.488327
153388_27,60.97002,15.782518
153388_28,91.037796,44.332867
153388_29,80.97551,18.075195
153388_32,93.09578,7.891408
153388_33,71.9984,4.960757
153388_34,79.54796,46.99415
153388_35,86.68462,20.072945
153388_36,44.111187,57.854393
153388_37,91.98102,58.518036
153388_38,89.56081,4.643846
153388_39,35.07674,3.9199982
153388_40,83.0183,56.5086
153388_41,65.0417,46.871834
153388_42,74.2982,6.432564
153388_43,84.294205,53.760277
153388_44,69.917336,22.058504
153388_45,30.720572,63.730877
153388_46,89.11051,53.30485
153388_47,88.10959,31.357914
153388_48,59.329247,54.953102
153388_49,54.77189,62.26554
153388_50,65.53169,38.022472
153388_51,88.7903,19.832424
153388_52,62.32903,12.982579
153388_54,85.616974,1.6808665
153388_55,24.4624,60.27594
153388_56,72.99912,10.753471
153388_57,18.568226,11.057901
153388_59,94.82295,33.50351
153388_60,84.672134,37.14064
153388_61,84.07248,42.40683
153388_62,76.568954,15.921358
153388_63,51.476616,34.945366
153388_64,83.82037,54.364174
153388_65,68.55162,66.68596
153388_66,37.158916,9.6594
153388_67,89.93529,60.84674
153388_68,57.985535,50.06504
153388_69,57.148487,56.62306
153388_70,52.414978,59.976074
153388_71,75.152466,12.249197
153388_72,70.76062,1.5500416
153388_73,75.09098,16.502005
153388_74,90.30409,8.645994
153388_75,76.945244,12.277002
153388_78,87.37978,27.4435
153388_79,72.19674,15.899724
153388_80,55.39959,57.934864
153388_81,90.823395,20.821608
153388_82,40.929363,44.152496
153389_1,70.43186,65.97114
153389_2,36.4757,11.204067
153389_3,44.304565,21.661228
153389_4,57.024017,63.52351
153389_5,70.39218,59.99115
153389_6,62.010674,59.712086
153389_8,61.375244,38.717747
153389_9,61.736042,51.744354
153389_10,64.5639,4.355298
153389_11,76.90498,4.685505
153389_12,33.959644,61.99865
153389_13,74.22682,20.394909
153389_14,95.42714,33.605347
153389_15,68.787125,24.835583
153389_16,89.09844,59.24256
153389_17,40.11429,61.19918
153389_18,94.93918,36.904976
153389_19,75.25813,37.019215
153389_21,35.45299,63.93868
153389_22,38.924007,3.5129535
153389_23,89.95334,23.05481
153389_24,86.51839,37.610844
153389_25,80.64604,58.962105
153389_26,73.1985,5.692872
153389_27,61.031086,40.45546
153389_28,84.524666,24.575827
153389_29,52.656048,61.355255
153389_30,77.39195,61.99129
153389_31,91.75935,57.11886
153389_32,85.28612,36.792717
153389_33,69.45348,53.69737
153389_34,8.697702,60.61267
153389_35,54.230164,41.2746
153389_36,71.498344,5.614579
153389_37,62.050323,62.799828
153389_38,11.3427515,14.224821
153389_39,69.85679,67.26289
153389_40,30.2338,61.608147
153389_41,70.95424,62.17104
153389_42,87.67272,48.71631
153389_43,58.41294,51.143192
153389_45,59.770973,62.233288
153389_47,65.67703,60.36795
153389_48,53.345367,60.331383
153389_50,68.93249,64.27357
153389_51,8.767501,57.213783
153389_52,53.644337,3.868016
153389_53,66.419876,59.92846
153389_54,82.98233,58.505104
153389_55,63.90142,48.848915
153389_57,82.46272,5.5074415
153389_58,98.39484,38.284992
153389_60,78.10963,61.780987
153389_61,37.672752,5.1331
153389_62,27.623493,56.85912
153389_63,24.821571,57.78943
153389_64,81.163055,8.403628
153389_65,83.72015,6.6996217
153389_66,87.6289,41.038914
153389_67,16.92632,14.708035
153389_68,91.85767,33.31151
153389_69,87.25195,41.24673
153389_70,90.69087,56.934418
153389_71,72.22093,7.776155
153389_72,81.388565,4.603034
153389_73,90.911026,48.38447
153389_75,90.916,24.215412
153389_76,33.098846,6.790938
153389_78,87.39543,58.100777
153389_80,89.57288,42.919064
153389_81,90.00806,54.086945
153389_82,65.98918,15.898781
153390_1,44.90316,8.858692
153390_2,39.99984,10.232954
153390_3,90.02621,12.132268
153390_4,47.1729,11.753174
153390_5,81.58392,61.2622
153390_6,94.12745,17.096256
153390_7,85.74977,33.78039
153390_8,44.51939,53.392406
153390_9,86.63549,32.328514
153390_10,93.63751,6.5314965
153390_11,33.40092,52.032562
153390_12,80.83525,12.637925
153390_13,34.57493,34.42062
153390_14,56.164257,2.0673013
153390_15,35.096603,47.956142
153390_16,90.13892,62.196655
153390_17,53.820454,61.829853
153390_18,66.54424,26.496246
153390_19,61.97392,44.111973
153390_20,84.68566,48.54792
153390_21,88.103165,6.8102236
153390_22,38.672245,7.027456
153390_24,47.238876,44.866596
153390_26,69.38457,5.061453
153390_27,93.59823,28.956482
153390_28,48.35386,5.7777243
153390_29,26.165339,61.08125
153390_30,86.48656,41.836758
153390_31,92.13454,32.90741
153390_32,75.27516,45.2434
153390_33,74.95498,54.063244
153390_34,93.496765,25.941143
153390_35,30.873356,63.11214
153390_36,73.70248,5.1465445
153390_37,85.8065,5.1503835
153390_38,68.017235,7.289678
153390_39,50.288506,62.163868
153390_40,63.862343,57.87972
153390_41,35.63442,2.0344014
153390_42,83.419556,27.461863
153390_43,31.20996,59.716377
153390_44,33.098244,51.966423
153390_45,80.76616,29.78425
153390_46,71.2001,63.978127
153390_47,92.38163,49.69676
153390_48,63.19236,29.78334
153390_49,47.808502,52.84142
153390_50,61.64795,60.210075
153390_51,22.752228,9.232129
153390_52,38.00022,47.422005
153390_53,88.05132,5.553689
153390_56,45.35412,8.489026
153390_59,23.830048,23.02594
153390_60,58.271812,45.72818
153390_61,36.868225,64.5143
153390_62,64.70376,7.6109734
153390_63,38.858257,48.66587
153390_64,8.0391,25.031729
153390_65,57.8167,58.268135
153390_66,79.27266,26.797739
153390_67,46.430763,58.6758
153390_68,90.87425,42.09662
153390_69,90.39612,56.91758
153390_71,32.11636,5.7804017
153390_72,77.39551,63.981884
153390_73,36.936657,46.426384
153390_74,56.690166,33.233856
153390_75,46.81021,2.3698077
153390_76,55.657207,13.017679
153390_77,31.32817,52.366405
153390_78,88.86536,27.048529
153390_80,76.09688,60.746143
153390_81,70.41395,1.9863888
153390_82,87.97221,15.543239
153390_83,81.85706,57.500996
153390_84,87.35797,6.273162
153390_86,77.00722,8.16609
153391_1,22.403263,62.26358
153391_2,79.70898,61.036976
153391_3,81.56578,6.473845
153391_5,16.908464,65.67977
153391_6,70.63762,34.008602
153391_9,32.433655,62.66676
153391_10,24.82397,65.12007
153391_11,98.953384,42.53431
153391_12,86.611374,53.87149
153391_13,30.094631,3.4953334
153391_14,77.77218,18.340912
153391_15,43.705624,14.814914
153391_16,87.45015,57.291206
153391_17,84.33773,45.324127
153391_18,89.02263,65.86417
153391_19,20.723166,2.9568996
153391_20,82.89015,46.123474
153391_21,70.93779,32.929333
153391_22,83.7209,57.54615
153391_24,72.70254,59.305317
153391_26,54.30484,64.78206
153391_27,89.65143,8.9851265
153391_28,92.071976,22.238506
153391_29,69.849525,63.225586
153391_30,45.397327,24.148022
153391_31,45.688576,3.7319827
153391_32,48.256744,63.539112
153391_33,86.703156,60.39388
153391_34,47.81239,65.34832
153391_35,49.043922,62.48977
153391_36,80.83007,12.541155
153391_37,48.435375,61.84612
153391_38,87.476944,55.98131
153391_39,42.6789,60.286003
153391_40,80.17758,8.722425
153391_41,16.844624,62.05787
153391_42,46.10003,56.451904
153391_43,44.91373,9.129369
153391_44,82.90085,20.124193
153391_45,66.13652,3.0342355
153391_46,38.356133,65.40376
153391_47,76.60372,61.153442
153391_48,87.53602,28.941967
153391_49,55.575703,61.142403
153391_50,89.64691,55.956947
153391_51,88.39255,58.438404
153391_52,69.94938,50.650845
153391_53,32.135315,61.1515
153391_54,45.152905,15.883677
153391_55,91.37524,45.27378
153391_56,71.99362,54.714485
153391_57,53.61675,2.8564475
153391_58,39.854496,64.01885
153391_59,54.531536,1.5887593
153391_60,61.730537,7.201687
153391_61,67.5817,62.426342
153391_63,88.548164,22.68363
153391_64,72.13112,1.1245035
153391_65,89.51283,43.072838
153391_66,95.925186,60.483635
153391_68,67.882835,56.79481
153391_69,55.934956,61.783
153391_70,58.65558,1.6713889
153391_71,75.52297,62.002342
153391_72,58.166145,4.829377
153391_73,85.75249,12.355085
153391_76,61.59609,62.57091
153391_77,83.08561,11.007253
153391_78,90.8485,38.716118
153391_79,91.47453,15.364558
153391_80,70.85971,28.381311
153391_81,39.08909,65.68572
153391_82,73.378174,59.000866
153391_83,83.93611,6.951766
153391_85,85.824326,48.700443
153391_86,81.24295,5.3645263
153392_1,56.638527,5.204135
153392_2,70.96222,4.2116613
153392_3,56.067608,62.429405
153392_4,80.140625,0.5796396
153392_5,90.448135,2.934775
153392_6,94.65226,41.350166
153392_7,46.85261,57.428963
153392_8,86.55986,44.527794
153392_10,20.251148,3.5245788
153392_11,79.26821,35.43296
153392_13,5.0861845,56.037617
153392_14,77.66987,61.450035
153392_15,72.16544,11.981688
153392_17,59.95642,63.228863
153392_18,97.52274,59.226784
153392_20,23.541811,62.14884
153392_21,15.335515,4.9051995
153392_22,88.690636,30.250662
153392_23,92.26978,17.698107
153392_24,93.74284,7.8350563
153392_25,27.88115,65.61644
153392_26,87.8575,19.482124
153392_27,47.569233,24.380505
153392_29,42.066143,10.193081
153392_30,55.320892,2.6078327
153392_32,19.925768,64.24614
153392_33,14.217932,65.831375
153392_34,36.72615,10.587027
153392_35,53.890026,7.4542556
153392_36,80.68075,39.60993
153392_37,41.768314,18.230488
153392_38,81.69365,61.260498
153392_39,70.68958,3.351714
153392_40,86.60652,38.341824
153392_41,89.37047,61.261272
153392_44,52.07254,20.923351
153392_45,46.47344,58.029076
153392_46,58.011284,6.775895
153392_47,49.878967,7.7221603
153392_48,60.188416,2.9031854
153392_49,80.937355,40.700817
153392_50,78.47836,59.215057
153392_52,33.65077,5.7648497
153392_53,84.95543,59.541027
153392_54,92.19122,57.65345
153392_55,92.19116,10.148099
153392_56,49.950527,20.565619
153392_57,47.379837,36.091766
153392_59,22.11717,5.2251806
153392_60,20.037083,1.1473777
153392_62,71.24094,4.4230247
153392_63,28.303635,65.11712
153392_64,74.76693,20.215479
153392_65,86.711075,7.8839517
153392_66,55.84194,4.911662
153392_67,86.6082,33.05052
153392_68,58.790993,48.326904
153392_71,91.228355,18.901527
153392_72,86.14905,36.080757
153392_73,75.43907,63.203773
153392_74,81.23488,61.44929
153392_75,81.74416,64.920876
153392_76,78.43907,20.999578
153392_77,83.46608,27.421368
153392_78,85.21919,13.326991
153392_79,63.91051,64.38152
153392_80,33.30412,4.788085
153392_81,54.38847,63.627052
153392_82,84.128296,55.456917
153392_83,27.975988,61.818756
153392_84,64.77199,4.943661
153392_85,62.394463,5.1442065
153392_86,81.56405,63.841564
153392_87,90.34672,62.738426
153392_89,86.45058,47.394142
153392_90,83.75545,35.22119
153392_91,87.753914,42.389553
153392_92,56.196697,39.645668
153392_93,91.603226,13.013235
153392_95,88.40365,28.895157
153392_96,23.78171,61.873486
153392_97,14.879687,4.572588
153392_98,40.757523,5.4243193
153392_99,66.946686,50.288727
153392_100,86.82989,11.637251
153392_102,72.42975,5.6912284
153392_103,28.786493,36.361443
153392_104,67.05126,27.86267
153392_105,87.90261,32.211388
153392_106,57.641144,59.899456
153392_107,79.6293,40.026928
153392_108,91.01733,58.293518
